﻿<parameters>
  <parameter name="IIS Web Application Name" defaultValue="BronzeHaroldBrown.com" tags="IisApp">
    <parameterEntry kind="ProviderPath" scope="IisApp" match="^C:\\Users\\bronz_pslwt\\OneDrive\\Documents\\GitHub\\Project-Portfolio-V3\\Project\ Portfolio\\Project\ Portfolio\\obj\\Release\\Package\\PackageTmp$" />
    <parameterEntry kind="ProviderPath" scope="setAcl" match="^C:\\Users\\bronz_pslwt\\OneDrive\\Documents\\GitHub\\Project-Portfolio-V3\\Project\ Portfolio\\Project\ Portfolio\\obj\\Release\\Package\\PackageTmp$" />
  </parameter>
  <parameter name="Add write permission to App_Data Folder" description="Add write permission to App_Data folder" defaultValue="{IIS Web Application Name}/App_Data" tags="Hidden">
    <parameterEntry kind="ProviderPath" scope="setAcl" match="^C:\\Users\\bronz_pslwt\\OneDrive\\Documents\\GitHub\\Project-Portfolio-V3\\Project\ Portfolio\\Project\ Portfolio\\obj\\Release\\Package\\PackageTmp\\App_Data$" />
  </parameter>
  <parameter name="DefaultConnection-Web.config Connection String" description="DefaultConnection Connection String used in web.config by the application to access the database." defaultValue="Data Source=FALCON\SQLEXPRESS;Initial Catalog=ProjectPortfolio;User ID=PortfolioProject;Password=***********" tags="SqlConnectionString">
    <parameterEntry kind="XmlFile" scope="C:\\Users\\bronz_pslwt\\OneDrive\\Documents\\GitHub\\Project-Portfolio-V3\\Project\ Portfolio\\Project\ Portfolio\\obj\\Release\\Package\\PackageTmp\\Web\.config$" match="/configuration/connectionStrings/add[@name='DefaultConnection']/@connectionString" />
  </parameter>
</parameters>